"FetchDate","Team","Jersey","Name","Position","Height","Weight","URL","Headshot"
"2020-05-01 00:00:00","1610612737","95","DeAndre' Bembry","Guard-Forward","6 ft 5 in","210 lbs","https://www.nba.com/players/deandre'/bembry/1627761","1627761.png"
"2020-05-01 00:00:00","1610612737","4","Charles Brown Jr.","Guard","6 ft 6 in","199 lbs","https://www.nba.com/players/charles/brown_jr./1629718","1629718.png"
"2020-05-01 00:00:00","1610612737","17","Clint Capela","Center","6 ft 10 in","240 lbs","https://www.nba.com/players/clint/capela/203991","203991.png"
"2020-05-01 00:00:00","1610612737","15","Vince Carter","Guard-Forward","6 ft 6 in","220 lbs","https://www.nba.com/players/vince/carter/1713","1713.png"
"2020-05-01 00:00:00","1610612737","20","John Collins","Forward","6 ft 9 in","235 lbs","https://www.nba.com/players/john/collins/1628381","1628381.png"
"2020-05-01 00:00:00","1610612737","14","Dewayne Dedmon","Center","7 ft 0 in","245 lbs","https://www.nba.com/players/dewayne/dedmon/203473","203473.png"
"2020-05-01 00:00:00","1610612737","24","Bruno Fernando","Forward-Center","6 ft 9 in","240 lbs","https://www.nba.com/players/bruno/fernando/1628981","1628981.png"
"2020-05-01 00:00:00","1610612737","0","Brandon Goodwin","Guard","6 ft 0 in","180 lbs","https://www.nba.com/players/brandon/goodwin/1629164","1629164.png"
"2020-05-01 00:00:00","1610612737","2","Treveon Graham","Guard-Forward","6 ft 5 in","219 lbs","https://www.nba.com/players/treveon/graham/1626203","1626203.png"
"2020-05-01 00:00:00","1610612737","3","Kevin Huerter","Guard-Forward","6 ft 7 in","190 lbs","https://www.nba.com/players/kevin/huerter/1628989","1628989.png"
"2020-05-01 00:00:00","1610612737","12","De'Andre Hunter","Forward-Guard","6 ft 7 in","225 lbs","https://www.nba.com/players/de'andre/hunter/1629631","1629631.png"
"2020-05-01 00:00:00","1610612737","30","Damian Jones","Center","6 ft 11 in","245 lbs","https://www.nba.com/players/damian/jones/1627745","1627745.png"
"2020-05-01 00:00:00","1610612737","7","Skal Labissiere","Forward-Center","6 ft 10 in","235 lbs","https://www.nba.com/players/skal/labissiere/1627746","1627746.png"
"2020-05-01 00:00:00","1610612737","22","Cam Reddish","Forward-Guard","6 ft 8 in","218 lbs","https://www.nba.com/players/cam/reddish/1629629","1629629.png"
"2020-05-01 00:00:00","1610612737","00","Jeff Teague","Guard","6 ft 3 in","195 lbs","https://www.nba.com/players/jeff/teague/201952","201952.png"
"2020-05-01 00:00:00","1610612737","11","Trae Young","Guard","6 ft 1 in","180 lbs","https://www.nba.com/players/trae/young/1629027","1629027.png"
"2020-05-01 00:00:00","1610612738","7","Jaylen Brown","Guard-Forward","6 ft 6 in","223 lbs","https://www.nba.com/players/jaylen/brown/1627759","1627759.png"
"2020-05-01 00:00:00","1610612738","4","Carsen Edwards","Guard","5 ft 11 in","200 lbs","https://www.nba.com/players/carsen/edwards/1629035","1629035.png"
"2020-05-01 00:00:00","1610612738","99","Tacko Fall","Center","7 ft 5 in","311 lbs","https://www.nba.com/players/tacko/fall/1629605","1629605.png"
"2020-05-01 00:00:00","1610612738","43","Javonte Green","Guard-Forward","6 ft 4 in","205 lbs","https://www.nba.com/players/javonte/green/1629750","1629750.png"
"2020-05-01 00:00:00","1610612738","20","Gordon Hayward","Forward","6 ft 7 in","225 lbs","https://www.nba.com/players/gordon/hayward/202330","202330.png"
"2020-05-01 00:00:00","1610612738","11","Enes Kanter","Center","6 ft 10 in","250 lbs","https://www.nba.com/players/enes/kanter/202683","202683.png"
"2020-05-01 00:00:00","1610612738","45","Romeo Langford","Guard-Forward","6 ft 4 in","216 lbs","https://www.nba.com/players/romeo/langford/1629641","1629641.png"
"2020-05-01 00:00:00","1610612738","37","Semi Ojeleye","Forward","6 ft 6 in","240 lbs","https://www.nba.com/players/semi/ojeleye/1628400","1628400.png"
"2020-05-01 00:00:00","1610612738","77","Vincent Poirier","Center-Forward","7 ft 0 in","235 lbs","https://www.nba.com/players/vincent/poirier/1629738","1629738.png"
"2020-05-01 00:00:00","1610612738","36","Marcus Smart","Guard","6 ft 3 in","220 lbs","https://www.nba.com/players/marcus/smart/203935","203935.png"
"2020-05-01 00:00:00","1610612738","0","Jayson Tatum","Forward-Guard","6 ft 8 in","210 lbs","https://www.nba.com/players/jayson/tatum/1628369","1628369.png"
"2020-05-01 00:00:00","1610612738","27","Daniel Theis","Forward-Center","6 ft 8 in","245 lbs","https://www.nba.com/players/daniel/theis/1628464","1628464.png"
"2020-05-01 00:00:00","1610612738","8","Kemba Walker","Guard","6 ft 0 in","184 lbs","https://www.nba.com/players/kemba/walker/202689","202689.png"
"2020-05-01 00:00:00","1610612738","9","Brad Wanamaker","Guard","6 ft 3 in","210 lbs","https://www.nba.com/players/brad/wanamaker/202954","202954.png"
"2020-05-01 00:00:00","1610612738","51","Tremont Waters","Guard","5 ft 10 in","175 lbs","https://www.nba.com/players/tremont/waters/1629682","1629682.png"
"2020-05-01 00:00:00","1610612738","12","Grant Williams","Forward","6 ft 6 in","236 lbs","https://www.nba.com/players/grant/williams/1629684","1629684.png"
"2020-05-01 00:00:00","1610612738","44","Robert Williams III","Center-Forward","6 ft 8 in","237 lbs","https://www.nba.com/players/robert/williams_iii/1629057","1629057.png"
"2020-05-01 00:00:00","1610612751","31","Jarrett Allen","Center","6 ft 11 in","243 lbs","https://www.nba.com/players/jarrett/allen/1628386","1628386.png"
"2020-05-01 00:00:00","1610612751","21","Wilson Chandler","Forward","6 ft 8 in","235 lbs","https://www.nba.com/players/wilson/chandler/201163","201163.png"
"2020-05-01 00:00:00","1610612751","9","Chris Chiozza","Guard","5 ft 11 in","175 lbs","https://www.nba.com/players/chris/chiozza/1629185","1629185.png"
"2020-05-01 00:00:00","1610612751","33","Nicolas Claxton","Forward-Center","6 ft 11 in","215 lbs","https://www.nba.com/players/nicolas/claxton/1629651","1629651.png"
"2020-05-01 00:00:00","1610612751","26","Spencer Dinwiddie","Guard","6 ft 5 in","215 lbs","https://www.nba.com/players/spencer/dinwiddie/203915","203915.png"
"2020-05-01 00:00:00","1610612751","7","Kevin Durant","Forward","6 ft 10 in","240 lbs","https://www.nba.com/players/kevin/durant/201142","201142.png"
"2020-05-01 00:00:00","1610612751","12","Joe Harris","Guard-Forward","6 ft 6 in","220 lbs","https://www.nba.com/players/joe/harris/203925","203925.png"
"2020-05-01 00:00:00","1610612751","11","Kyrie Irving","Guard","6 ft 2 in","195 lbs","https://www.nba.com/players/kyrie/irving/202681","202681.png"
"2020-05-01 00:00:00","1610612751","6","DeAndre Jordan","Center","6 ft 11 in","265 lbs","https://www.nba.com/players/deandre/jordan/201599","201599.png"
"2020-05-01 00:00:00","1610612751","00","Rodions Kurucs","Forward","6 ft 9 in","228 lbs","https://www.nba.com/players/rodions/kurucs/1629066","1629066.png"
"2020-05-01 00:00:00","1610612751","22","Caris LeVert","Guard","6 ft 6 in","205 lbs","https://www.nba.com/players/caris/levert/1627747","1627747.png"
"2020-05-01 00:00:00","1610612751","9","Timothe Luwawu-Cabarrot","Guard-Forward","6 ft 7 in","220 lbs","https://www.nba.com/players/timothe/luwawu-cabarrot/1627789","1627789.png"
"2020-05-01 00:00:00","1610612751","0","Jeremiah Martin","Guard","6 ft 2 in","185 lbs","https://www.nba.com/players/jeremiah/martin/1629725","1629725.png"
"2020-05-01 00:00:00","1610612751","13","Dzanan Musa","Guard-Forward","6 ft 9 in","217 lbs","https://www.nba.com/players/dzanan/musa/1629058","1629058.png"
"2020-05-01 00:00:00","1610612751","1","Theo Pinson","Guard-Forward","6 ft 5 in","212 lbs","https://www.nba.com/players/theo/pinson/1629033","1629033.png"
"2020-05-01 00:00:00","1610612751","2","Taurean Prince","Forward","6 ft 7 in","218 lbs","https://www.nba.com/players/taurean/prince/1627752","1627752.png"
"2020-05-01 00:00:00","1610612751","17","Garrett Temple","Guard-Forward","6 ft 5 in","195 lbs","https://www.nba.com/players/garrett/temple/202066","202066.png"
"2020-05-01 00:00:00","1610612766","7","Dwayne Bacon","Guard-Forward","6 ft 6 in","221 lbs","https://www.nba.com/players/dwayne/bacon/1628407","1628407.png"
"2020-05-01 00:00:00","1610612766","5","Nicolas Batum","Guard-Forward","6 ft 9 in","230 lbs","https://www.nba.com/players/nicolas/batum/201587","201587.png"
"2020-05-01 00:00:00","1610612766","8","Bismack Biyombo","Center","6 ft 8 in","255 lbs","https://www.nba.com/players/bismack/biyombo/202687","202687.png"
"2020-05-01 00:00:00","1610612766","0","Miles Bridges","Forward","6 ft 6 in","225 lbs","https://www.nba.com/players/miles/bridges/1628970","1628970.png"
"2020-05-01 00:00:00","1610612766","31","Joe Chealey","Guard","6 ft 4 in","190 lbs","https://www.nba.com/players/joe/chealey/1629147","1629147.png"
"2020-05-01 00:00:00","1610612766","4","Devonte' Graham","Guard","6 ft 1 in","195 lbs","https://www.nba.com/players/devonte'/graham/1628984","1628984.png"
"2020-05-01 00:00:00","1610612766","9","Willy Hernangomez","Center-Forward","6 ft 11 in","250 lbs","https://www.nba.com/players/willy/hernangomez/1626195","1626195.png"
"2020-05-01 00:00:00","1610612766","10","Caleb Martin","Forward","6 ft 5 in","205 lbs","https://www.nba.com/players/caleb/martin/1628997","1628997.png"
"2020-05-01 00:00:00","1610612766","11","Cody Martin","Forward","6 ft 5 in","205 lbs","https://www.nba.com/players/cody/martin/1628998","1628998.png"
"2020-05-01 00:00:00","1610612766","6","Jalen McDaniels","Forward-Center","6 ft 10 in","205 lbs","https://www.nba.com/players/jalen/mcdaniels/1629667","1629667.png"
"2020-05-01 00:00:00","1610612766","1","Malik Monk","Guard","6 ft 3 in","200 lbs","https://www.nba.com/players/malik/monk/1628370","1628370.png"
"2020-05-01 00:00:00","1610612766","3","Terry Rozier","Guard","6 ft 1 in","190 lbs","https://www.nba.com/players/terry/rozier/1626179","1626179.png"
"2020-05-01 00:00:00","1610612766","23","Kobi Simmons","Guard","6 ft 5 in","180 lbs","https://www.nba.com/players/kobi/simmons/1628424","1628424.png"
"2020-05-01 00:00:00","1610612766","26","Ray Spalding","Forward","6 ft 9 in","225 lbs","https://www.nba.com/players/ray/spalding/1629034","1629034.png"
"2020-05-01 00:00:00","1610612766","25","P.J. Washington","Forward","6 ft 7 in","230 lbs","https://www.nba.com/players/p.j./washington/1629023","1629023.png"
"2020-05-01 00:00:00","1610612766","40","Cody Zeller","Forward-Center","7 ft 0 in","240 lbs","https://www.nba.com/players/cody/zeller/203469","203469.png"
"2020-05-01 00:00:00","1610612741","51","Ryan Arcidiacono","Guard","6 ft 3 in","195 lbs","https://www.nba.com/players/ryan/arcidiacono/1627853","1627853.png"
"2020-05-01 00:00:00","1610612741","34","Wendell Carter Jr.","Center-Forward","6 ft 9 in","270 lbs","https://www.nba.com/players/wendell/carter_jr./1628976","1628976.png"
"2020-05-01 00:00:00","1610612741","32","Kris Dunn","Guard","6 ft 3 in","205 lbs","https://www.nba.com/players/kris/dunn/1627739","1627739.png"
"2020-05-01 00:00:00","1610612741","6","Cristiano Felicio","Forward-Center","6 ft 10 in","270 lbs","https://www.nba.com/players/cristiano/felicio/1626245","1626245.png"
"2020-05-01 00:00:00","1610612741","12","Daniel Gafford","Forward-Center","6 ft 10 in","234 lbs","https://www.nba.com/players/daniel/gafford/1629655","1629655.png"
"2020-05-01 00:00:00","1610612741","3","Shaquille Harrison","Guard","6 ft 7 in","190 lbs","https://www.nba.com/players/shaquille/harrison/1627885","1627885.png"
"2020-05-01 00:00:00","1610612741","15","Chandler Hutchison","Forward-Guard","6 ft 7 in","210 lbs","https://www.nba.com/players/chandler/hutchison/1628990","1628990.png"
"2020-05-01 00:00:00","1610612741","2","Luke Kornet","Forward-Center","7 ft 2 in","250 lbs","https://www.nba.com/players/luke/kornet/1628436","1628436.png"
"2020-05-01 00:00:00","1610612741","8","Zach LaVine","Guard-Forward","6 ft 6 in","200 lbs","https://www.nba.com/players/zach/lavine/203897","203897.png"
"2020-05-01 00:00:00","1610612741","24","Lauri Markkanen","Forward-Center","7 ft 0 in","240 lbs","https://www.nba.com/players/lauri/markkanen/1628374","1628374.png"
"2020-05-01 00:00:00","1610612741","20","Adam Mokoka","Guard","6 ft 5 in","190 lbs","https://www.nba.com/players/adam/mokoka/1629690","1629690.png"
"2020-05-01 00:00:00","1610612741","22","Otto Porter Jr.","Forward","6 ft 8 in","198 lbs","https://www.nba.com/players/otto/porter_jr./203490","203490.png"
"2020-05-01 00:00:00","1610612741","31","Tomas Satoransky","Guard","6 ft 7 in","210 lbs","https://www.nba.com/players/tomas/satoransky/203107","203107.png"
"2020-05-01 00:00:00","1610612741","28","Max Strus","Guard-Forward","6 ft 5 in","215 lbs","https://www.nba.com/players/max/strus/1629622","1629622.png"
"2020-05-01 00:00:00","1610612741","45","Denzel Valentine","Guard","6 ft 4 in","220 lbs","https://www.nba.com/players/denzel/valentine/1627756","1627756.png"
"2020-05-01 00:00:00","1610612741","0","Coby White","Guard","6 ft 4 in","195 lbs","https://www.nba.com/players/coby/white/1629632","1629632.png"
"2020-05-01 00:00:00","1610612741","21","Thaddeus Young","Forward","6 ft 8 in","235 lbs","https://www.nba.com/players/thaddeus/young/201152","201152.png"
"2020-05-01 00:00:00","1610612739","18","Matthew Dellavedova","Guard","6 ft 3 in","200 lbs","https://www.nba.com/players/matthew/dellavedova/203521","203521.png"
"2020-05-01 00:00:00","1610612739","3","Andre Drummond","Center","6 ft 10 in","279 lbs","https://www.nba.com/players/andre/drummond/203083","203083.png"
"2020-05-01 00:00:00","1610612739","1","Dante Exum","Guard","6 ft 5 in","214 lbs","https://www.nba.com/players/dante/exum/203957","203957.png"
"2020-05-01 00:00:00","1610612739","10","Darius Garland","Guard","6 ft 1 in","192 lbs","https://www.nba.com/players/darius/garland/1629636","1629636.png"
"2020-05-01 00:00:00","1610612739","0","Kevin Love","Forward-Center","6 ft 8 in","251 lbs","https://www.nba.com/players/kevin/love/201567","201567.png"
"2020-05-01 00:00:00","1610612739","9","Sheldon Mac","Guard","6 ft 5 in","198 lbs","https://www.nba.com/players/sheldon/mac/1627815","1627815.png"
"2020-05-01 00:00:00","1610612739","28","Alfonzo McKinnie","Forward","6 ft 7 in","215 lbs","https://www.nba.com/players/alfonzo/mckinnie/1628035","1628035.png"
"2020-05-01 00:00:00","1610612739","31","Matt Mooney","Guard","6 ft 2 in","199 lbs","https://www.nba.com/players/matt/mooney/1629760","1629760.png"
"2020-05-01 00:00:00","1610612739","22","Larry Nance Jr.","Forward-Center","6 ft 7 in","245 lbs","https://www.nba.com/players/larry/nance_jr./1626204","1626204.png"
"2020-05-01 00:00:00","1610612739","16","Cedi Osman","Forward","6 ft 7 in","230 lbs","https://www.nba.com/players/cedi/osman/1626224","1626224.png"
"2020-05-01 00:00:00","1610612739","","Sir'Dominic Pointer","Guard-Forward","6 ft 6 in","192 lbs","https://www.nba.com/players/sir'dominic/pointer/1626218","1626218.png"
"2020-05-01 00:00:00","1610612739","4","Kevin Porter Jr.","Guard-Forward","6 ft 4 in","203 lbs","https://www.nba.com/players/kevin/porter_jr./1629645","1629645.png"
"2020-05-01 00:00:00","1610612739","2","Collin Sexton","Guard","6 ft 1 in","190 lbs","https://www.nba.com/players/collin/sexton/1629012","1629012.png"
"2020-05-01 00:00:00","1610612739","13","Tristan Thompson","Center-Forward","6 ft 9 in","254 lbs","https://www.nba.com/players/tristan/thompson/202684","202684.png"
"2020-05-01 00:00:00","1610612739","32","Dean Wade","Forward-Center","6 ft 9 in","228 lbs","https://www.nba.com/players/dean/wade/1629731","1629731.png"
"2020-05-01 00:00:00","1610612739","9","Dylan Windler","Guard-Forward","6 ft 6 in","196 lbs","https://www.nba.com/players/dylan/windler/1629685","1629685.png"
"2020-05-01 00:00:00","1610612739","41","Ante Zizic","Center","6 ft 10 in","266 lbs","https://www.nba.com/players/ante/zizic/1627790","1627790.png"
"2020-05-01 00:00:00","1610612742","5","J.J. Barea","Guard","5 ft 10 in","180 lbs","https://www.nba.com/players/j.j./barea/200826","200826.png"
"2020-05-01 00:00:00","1610612742","13","Jalen Brunson","Guard","6 ft 1 in","190 lbs","https://www.nba.com/players/jalen/brunson/1628973","1628973.png"
"2020-05-01 00:00:00","1610612742","33","Willie Cauley-Stein","Center","7 ft 0 in","240 lbs","https://www.nba.com/players/willie/cauley-stein/1626161","1626161.png"
"2020-05-01 00:00:00","1610612742","3","Antonius Cleveland","Guard","6 ft 5 in","195 lbs","https://www.nba.com/players/antonius/cleveland/1628499","1628499.png"
"2020-05-01 00:00:00","1610612742","30","Seth Curry","Guard","6 ft 2 in","185 lbs","https://www.nba.com/players/seth/curry/203552","203552.png"
"2020-05-01 00:00:00","1610612742","77","Luka Doncic","Forward-Guard","6 ft 7 in","230 lbs","https://www.nba.com/players/luka/doncic/1629029","1629029.png"
"2020-05-01 00:00:00","1610612742","10","Dorian Finney-Smith","Forward","6 ft 7 in","220 lbs","https://www.nba.com/players/dorian/finney-smith/1627827","1627827.png"
"2020-05-01 00:00:00","1610612742","11","Tim Hardaway Jr.","Guard-Forward","6 ft 5 in","205 lbs","https://www.nba.com/players/tim/hardaway_jr./203501","203501.png"
"2020-05-01 00:00:00","1610612742","44","Justin Jackson","Forward","6 ft 7 in","220 lbs","https://www.nba.com/players/justin/jackson/1628382","1628382.png"
"2020-05-01 00:00:00","1610612742","9","Michael Kidd-Gilchrist","Forward","6 ft 6 in","232 lbs","https://www.nba.com/players/michael/kidd-gilchrist/203077","203077.png"
"2020-05-01 00:00:00","1610612742","42","Maxi Kleber","Forward","6 ft 10 in","240 lbs","https://www.nba.com/players/maxi/kleber/1628467","1628467.png"
"2020-05-01 00:00:00","1610612742","1","Courtney Lee","Guard","6 ft 5 in","215 lbs","https://www.nba.com/players/courtney/lee/201584","201584.png"
"2020-05-01 00:00:00","1610612742","51","Boban Marjanovic","Center","7 ft 4 in","290 lbs","https://www.nba.com/players/boban/marjanovic/1626246","1626246.png"
"2020-05-01 00:00:00","1610612742","6","Kristaps Porzingis","Forward-Center","7 ft 3 in","240 lbs","https://www.nba.com/players/kristaps/porzingis/204001","204001.png"
"2020-05-01 00:00:00","1610612742","7","Dwight Powell","Forward-Center","6 ft 10 in","240 lbs","https://www.nba.com/players/dwight/powell/203939","203939.png"
"2020-05-01 00:00:00","1610612742","23","Josh Reaves","Guard-Forward","6 ft 4 in","214 lbs","https://www.nba.com/players/josh/reaves/1629729","1629729.png"
"2020-05-01 00:00:00","1610612742","55","Delon Wright","Guard","6 ft 5 in","185 lbs","https://www.nba.com/players/delon/wright/1626153","1626153.png"
"2020-05-01 00:00:00","1610612743","5","Will Barton","Guard","6 ft 5 in","181 lbs","https://www.nba.com/players/will/barton/203115","203115.png"
"2020-05-01 00:00:00","1610612743","31","Keita Bates-Diop","Forward","6 ft 8 in","229 lbs","https://www.nba.com/players/keita/bates-diop/1628966","1628966.png"
"2020-05-01 00:00:00","1610612743","10","Bol Bol","Center-Forward","7 ft 2 in","220 lbs","https://www.nba.com/players/bol/bol/1629626","1629626.png"
"2020-05-01 00:00:00","1610612743","31","Vlatko Cancar","Forward","6 ft 8 in","236 lbs","https://www.nba.com/players/vlatko/cancar/1628427","1628427.png"
"2020-05-01 00:00:00","1610612743","3","Torrey Craig","Forward","6 ft 7 in","221 lbs","https://www.nba.com/players/torrey/craig/1628470","1628470.png"
"2020-05-01 00:00:00","1610612743","30","Troy Daniels","Guard","6 ft 4 in","200 lbs","https://www.nba.com/players/troy/daniels/203584","203584.png"
"2020-05-01 00:00:00","1610612743","35","PJ Dozier","Guard-Forward","6 ft 6 in","205 lbs","https://www.nba.com/players/pj/dozier/1628408","1628408.png"
"2020-05-01 00:00:00","1610612743","9","Jerami Grant","Forward","6 ft 8 in","210 lbs","https://www.nba.com/players/jerami/grant/203924","203924.png"
"2020-05-01 00:00:00","1610612743","14","Gary Harris","Guard","6 ft 4 in","210 lbs","https://www.nba.com/players/gary/harris/203914","203914.png"
"2020-05-01 00:00:00","1610612743","15","Nikola Jokic","Center","7 ft 0 in","284 lbs","https://www.nba.com/players/nikola/jokic/203999","203999.png"
"2020-05-01 00:00:00","1610612743","4","Paul Millsap","Forward","6 ft 7 in","257 lbs","https://www.nba.com/players/paul/millsap/200794","200794.png"
"2020-05-01 00:00:00","1610612743","11","Monte Morris","Guard","6 ft 2 in","183 lbs","https://www.nba.com/players/monte/morris/1628420","1628420.png"
"2020-05-01 00:00:00","1610612743","27","Jamal Murray","Guard","6 ft 4 in","215 lbs","https://www.nba.com/players/jamal/murray/1627750","1627750.png"
"2020-05-01 00:00:00","1610612743","7","Mason Plumlee","Forward-Center","6 ft 11 in","254 lbs","https://www.nba.com/players/mason/plumlee/203486","203486.png"
"2020-05-01 00:00:00","1610612743","1","Michael Porter Jr.","Forward","6 ft 10 in","218 lbs","https://www.nba.com/players/michael/porter_jr./1629008","1629008.png"
"2020-05-01 00:00:00","1610612743","32","Noah Vonleh","Forward","6 ft 10 in","257 lbs","https://www.nba.com/players/noah/vonleh/203943","203943.png"
"2020-05-01 00:00:00","1610612765","18","Jordan Bone","Guard","6 ft 3 in","180 lbs","https://www.nba.com/players/jordan/bone/1629648","1629648.png"
"2020-05-01 00:00:00","1610612765","6","Bruce Brown","Guard-Forward","6 ft 4 in","202 lbs","https://www.nba.com/players/bruce/brown/1628971","1628971.png"
"2020-05-01 00:00:00","1610612765","45","Sekou Doumbouya","Forward","6 ft 8 in","230 lbs","https://www.nba.com/players/sekou/doumbouya/1629635","1629635.png"
"2020-05-01 00:00:00","1610612765","9","Langston Galloway","Guard","6 ft 1 in","200 lbs","https://www.nba.com/players/langston/galloway/204038","204038.png"
"2020-05-01 00:00:00","1610612765","23","Blake Griffin","Forward","6 ft 9 in","250 lbs","https://www.nba.com/players/blake/griffin/201933","201933.png"
"2020-05-01 00:00:00","1610612765","42","Donta Hall","Forward","6 ft 9 in","229 lbs","https://www.nba.com/players/donta/hall/1629743","1629743.png"
"2020-05-01 00:00:00","1610612765","31","John Henson","Forward-Center","6 ft 9 in","219 lbs","https://www.nba.com/players/john/henson/203089","203089.png"
"2020-05-01 00:00:00","1610612765","5","Luke Kennard","Guard","6 ft 5 in","206 lbs","https://www.nba.com/players/luke/kennard/1628379","1628379.png"
"2020-05-01 00:00:00","1610612765","14","Louis King","Forward","6 ft 7 in","205 lbs","https://www.nba.com/players/louis/king/1629663","1629663.png"
"2020-05-01 00:00:00","1610612765","20","Brandon Knight","Guard","6 ft 2 in","182 lbs","https://www.nba.com/players/brandon/knight/202688","202688.png"
"2020-05-01 00:00:00","1610612765","7","Thon Maker","Forward-Center","7 ft 0 in","221 lbs","https://www.nba.com/players/thon/maker/1627748","1627748.png"
"2020-05-01 00:00:00","1610612765","52","Jordan McRae","Guard","6 ft 5 in","179 lbs","https://www.nba.com/players/jordan/mcrae/203895","203895.png"
"2020-05-01 00:00:00","1610612765","19","Svi Mykhailiuk","Guard-Forward","6 ft 7 in","205 lbs","https://www.nba.com/players/svi/mykhailiuk/1629004","1629004.png"
"2020-05-01 00:00:00","1610612765","25","Derrick Rose","Guard","6 ft 2 in","200 lbs","https://www.nba.com/players/derrick/rose/201565","201565.png"
"2020-05-01 00:00:00","1610612765","17","Tony Snell","Guard","6 ft 6 in","213 lbs","https://www.nba.com/players/tony/snell/203503","203503.png"
"2020-05-01 00:00:00","1610612765","13","Khyri Thomas","Guard","6 ft 3 in","210 lbs","https://www.nba.com/players/khyri/thomas/1629017","1629017.png"
"2020-05-01 00:00:00","1610612765","35","Christian Wood","Forward","6 ft 10 in","214 lbs","https://www.nba.com/players/christian/wood/1626174","1626174.png"
"2020-05-01 00:00:00","1610612744","10","Dragan Bender","Forward","7 ft 0 in","249 lbs","https://www.nba.com/players/dragan/bender/1627733","1627733.png"
"2020-05-01 00:00:00","1610612744","12","Ky Bowman","Guard","6 ft 1 in","187 lbs","https://www.nba.com/players/ky/bowman/1629065","1629065.png"
"2020-05-01 00:00:00","1610612744","32","Marquese Chriss","Forward","6 ft 9 in","240 lbs","https://www.nba.com/players/marquese/chriss/1627737","1627737.png"
"2020-05-01 00:00:00","1610612744","30","Stephen Curry","Guard","6 ft 3 in","185 lbs","https://www.nba.com/players/stephen/curry/201939","201939.png"
"2020-05-01 00:00:00","1610612744","23","Draymond Green","Forward","6 ft 6 in","230 lbs","https://www.nba.com/players/draymond/green/203110","203110.png"
"2020-05-01 00:00:00","1610612744","1","Damion Lee","Guard-Forward","6 ft 5 in","210 lbs","https://www.nba.com/players/damion/lee/1627814","1627814.png"
"2020-05-01 00:00:00","1610612744","5","Kevon Looney","Forward","6 ft 9 in","222 lbs","https://www.nba.com/players/kevon/looney/1626172","1626172.png"
"2020-05-01 00:00:00","1610612744","12","Mychal Mulder","Guard","6 ft 3 in","184 lbs","https://www.nba.com/players/mychal/mulder/1628539","1628539.png"
"2020-05-01 00:00:00","1610612744","7","Eric Paschall","Forward","6 ft 6 in","255 lbs","https://www.nba.com/players/eric/paschall/1629672","1629672.png"
"2020-05-01 00:00:00","1610612744","3","Jordan Poole","Guard","6 ft 4 in","194 lbs","https://www.nba.com/players/jordan/poole/1629673","1629673.png"
"2020-05-01 00:00:00","1610612744","9","Chasson Randle","Guard","6 ft 2 in","185 lbs","https://www.nba.com/players/chasson/randle/1626184","1626184.png"
"2020-05-01 00:00:00","1610612744","6","Alen Smailagic","Forward","6 ft 10 in","215 lbs","https://www.nba.com/players/alen/smailagic/1629346","1629346.png"
"2020-05-01 00:00:00","1610612744","11","Klay Thompson","Guard","6 ft 6 in","215 lbs","https://www.nba.com/players/klay/thompson/202691","202691.png"
"2020-05-01 00:00:00","1610612744","95","Juan Toscano-Anderson","Forward","6 ft 6 in","209 lbs","https://www.nba.com/players/juan/toscano-anderson/1629308","1629308.png"
"2020-05-01 00:00:00","1610612744","22","Andrew Wiggins","Forward","6 ft 7 in","197 lbs","https://www.nba.com/players/andrew/wiggins/203952","203952.png"
"2020-05-01 00:00:00","1610612745","5","Bruno Caboclo","Forward","6 ft 9 in","218 lbs","https://www.nba.com/players/bruno/caboclo/203998","203998.png"
"2020-05-01 00:00:00","1610612745","9","DeMarre Carroll","Forward","6 ft 6 in","215 lbs","https://www.nba.com/players/demarre/carroll/201960","201960.png"
"2020-05-01 00:00:00","1610612745","19","Tyson Chandler","Center","7 ft 0 in","235 lbs","https://www.nba.com/players/tyson/chandler/2199","2199.png"
"2020-05-01 00:00:00","1610612745","3","Chris Clemons","Guard","5 ft 9 in","180 lbs","https://www.nba.com/players/chris/clemons/1629598","1629598.png"
"2020-05-01 00:00:00","1610612745","33","Robert Covington","Forward","6 ft 7 in","209 lbs","https://www.nba.com/players/robert/covington/203496","203496.png"
"2020-05-01 00:00:00","1610612745","21","Michael Frazier","Guard","6 ft 3 in","200 lbs","https://www.nba.com/players/michael/frazier/1626187","1626187.png"
"2020-05-01 00:00:00","1610612745","10","Eric Gordon","Guard","6 ft 3 in","215 lbs","https://www.nba.com/players/eric/gordon/201569","201569.png"
"2020-05-01 00:00:00","1610612745","32","Jeff Green","Forward","6 ft 8 in","235 lbs","https://www.nba.com/players/jeff/green/201145","201145.png"
"2020-05-01 00:00:00","1610612745","13","James Harden","Guard","6 ft 5 in","220 lbs","https://www.nba.com/players/james/harden/201935","201935.png"
"2020-05-01 00:00:00","1610612745","55","Isaiah Hartenstein","Center-Forward","7 ft 0 in","250 lbs","https://www.nba.com/players/isaiah/hartenstein/1628392","1628392.png"
"2020-05-01 00:00:00","1610612745","4","Danuel House Jr.","Forward-Guard","6 ft 6 in","220 lbs","https://www.nba.com/players/danuel/house_jr./1627863","1627863.png"
"2020-05-01 00:00:00","1610612745","52","William Howard","Forward-Guard","6 ft 8 in","207 lbs","https://www.nba.com/players/william/howard/1629739","1629739.png"
"2020-05-01 00:00:00","1610612745","16","Ben McLemore","Guard","6 ft 3 in","195 lbs","https://www.nba.com/players/ben/mclemore/203463","203463.png"
"2020-05-01 00:00:00","1610612745","25","Austin Rivers","Guard","6 ft 3 in","200 lbs","https://www.nba.com/players/austin/rivers/203085","203085.png"
"2020-05-01 00:00:00","1610612745","18","Thabo Sefolosha","Forward-Guard","6 ft 6 in","215 lbs","https://www.nba.com/players/thabo/sefolosha/200757","200757.png"
"2020-05-01 00:00:00","1610612745","17","P.J. Tucker","Forward","6 ft 5 in","245 lbs","https://www.nba.com/players/p.j./tucker/200782","200782.png"
"2020-05-01 00:00:00","1610612745","0","Russell Westbrook","Guard","6 ft 3 in","200 lbs","https://www.nba.com/players/russell/westbrook/201566","201566.png"
"2020-05-01 00:00:00","1610612754","88","Goga Bitadze","Center-Forward","6 ft 11 in","250 lbs","https://www.nba.com/players/goga/bitadze/1629048","1629048.png"
"2020-05-01 00:00:00","1610612754","10","Brian Bowen II","Forward-Guard","6 ft 6 in","190 lbs","https://www.nba.com/players/brian/bowen_ii/1628968","1628968.png"
"2020-05-01 00:00:00","1610612754","7","Malcolm Brogdon","Guard","6 ft 5 in","229 lbs","https://www.nba.com/players/malcolm/brogdon/1627763","1627763.png"
"2020-05-01 00:00:00","1610612754","3","Aaron Holiday","Guard","6 ft 0 in","185 lbs","https://www.nba.com/players/aaron/holiday/1628988","1628988.png"
"2020-05-01 00:00:00","1610612754","8","Justin Holiday","Forward-Guard","6 ft 6 in","180 lbs","https://www.nba.com/players/justin/holiday/203200","203200.png"
"2020-05-01 00:00:00","1610612754","24","Alize Johnson","Forward","6 ft 7 in","212 lbs","https://www.nba.com/players/alize/johnson/1628993","1628993.png"
"2020-05-01 00:00:00","1610612754","26","Jeremy Lamb","Guard-Forward","6 ft 5 in","180 lbs","https://www.nba.com/players/jeremy/lamb/203087","203087.png"
"2020-05-01 00:00:00","1610612754","22","TJ Leaf","Forward","6 ft 10 in","222 lbs","https://www.nba.com/players/tj/leaf/1628388","1628388.png"
"2020-05-01 00:00:00","1610612754","9","T.J. McConnell","Guard","6 ft 1 in","190 lbs","https://www.nba.com/players/t.j./mcconnell/204456","204456.png"
"2020-05-01 00:00:00","1610612754","20","Doug McDermott","Forward","6 ft 7 in","225 lbs","https://www.nba.com/players/doug/mcdermott/203926","203926.png"
"2020-05-01 00:00:00","1610612754","15","Naz Mitrou-Long","Guard","6 ft 3 in","218 lbs","https://www.nba.com/players/naz/mitrou-long/1628513","1628513.png"
"2020-05-01 00:00:00","1610612754","4","Victor Oladipo","Guard","6 ft 4 in","213 lbs","https://www.nba.com/players/victor/oladipo/203506","203506.png"
"2020-05-01 00:00:00","1610612754","11","Domantas Sabonis","Forward-Center","6 ft 11 in","240 lbs","https://www.nba.com/players/domantas/sabonis/1627734","1627734.png"
"2020-05-01 00:00:00","1610612754","14","JaKarr Sampson","Forward","6 ft 7 in","214 lbs","https://www.nba.com/players/jakarr/sampson/203960","203960.png"
"2020-05-01 00:00:00","1610612754","5","Edmond Sumner","Guard","6 ft 4 in","196 lbs","https://www.nba.com/players/edmond/sumner/1628410","1628410.png"
"2020-05-01 00:00:00","1610612754","33","Myles Turner","Center-Forward","6 ft 11 in","250 lbs","https://www.nba.com/players/myles/turner/1626167","1626167.png"
"2020-05-01 00:00:00","1610612754","1","T.J. Warren","Forward","6 ft 8 in","220 lbs","https://www.nba.com/players/t.j./warren/203933","203933.png"
"2020-05-01 00:00:00","1610612746","21","Patrick Beverley","Guard","6 ft 1 in","180 lbs","https://www.nba.com/players/patrick/beverley/201976","201976.png"
"2020-05-01 00:00:00","1610612746","7","Amir Coffey","Guard-Forward","6 ft 7 in","210 lbs","https://www.nba.com/players/amir/coffey/1629599","1629599.png"
"2020-05-01 00:00:00","1610612746","13","Paul George","Forward","6 ft 8 in","220 lbs","https://www.nba.com/players/paul/george/202331","202331.png"
"2020-05-01 00:00:00","1610612746","4","JaMychal Green","Forward-Center","6 ft 8 in","227 lbs","https://www.nba.com/players/jamychal/green/203210","203210.png"
"2020-05-01 00:00:00","1610612746","5","Montrezl Harrell","Forward-Center","6 ft 7 in","240 lbs","https://www.nba.com/players/montrezl/harrell/1626149","1626149.png"
"2020-05-01 00:00:00","1610612746","1","Reggie Jackson","Guard","6 ft 3 in","208 lbs","https://www.nba.com/players/reggie/jackson/202704","202704.png"
"2020-05-01 00:00:00","1610612746","25","Mfiondu Kabengele","Forward-Center","6 ft 9 in","250 lbs","https://www.nba.com/players/mfiondu/kabengele/1629662","1629662.png"
"2020-05-01 00:00:00","1610612746","2","Kawhi Leonard","Forward","6 ft 7 in","225 lbs","https://www.nba.com/players/kawhi/leonard/202695","202695.png"
"2020-05-01 00:00:00","1610612746","14","Terance Mann","Guard-Forward","6 ft 5 in","215 lbs","https://www.nba.com/players/terance/mann/1629611","1629611.png"
"2020-05-01 00:00:00","1610612746","19","Rodney McGruder","Guard","6 ft 4 in","205 lbs","https://www.nba.com/players/rodney/mcgruder/203585","203585.png"
"2020-05-01 00:00:00","1610612746","31","Marcus Morris Sr.","Forward","6 ft 8 in","218 lbs","https://www.nba.com/players/marcus/morris_sr./202694","202694.png"
"2020-05-01 00:00:00","1610612746","15","Johnathan Motley","Forward","6 ft 8 in","230 lbs","https://www.nba.com/players/johnathan/motley/1628405","1628405.png"
"2020-05-01 00:00:00","1610612746","55","Joakim Noah","Forward-Center","6 ft 11 in","232 lbs","https://www.nba.com/players/joakim/noah/201149","201149.png"
"2020-05-01 00:00:00","1610612746","54","Patrick Patterson","Forward","6 ft 8 in","235 lbs","https://www.nba.com/players/patrick/patterson/202335","202335.png"
"2020-05-01 00:00:00","1610612746","20","Landry Shamet","Guard","6 ft 4 in","190 lbs","https://www.nba.com/players/landry/shamet/1629013","1629013.png"
"2020-05-01 00:00:00","1610612746","23","Lou Williams","Guard","6 ft 1 in","175 lbs","https://www.nba.com/players/lou/williams/101150","101150.png"
"2020-05-01 00:00:00","1610612746","40","Ivica Zubac","Center","7 ft 0 in","240 lbs","https://www.nba.com/players/ivica/zubac/1627826","1627826.png"
"2020-05-01 00:00:00","1610612747","37","Kostas Antetokounmpo","Forward","6 ft 10 in","200 lbs","https://www.nba.com/players/kostas/antetokounmpo/1628961","1628961.png"
"2020-05-01 00:00:00","1610612747","11","Avery Bradley","Guard","6 ft 3 in","180 lbs","https://www.nba.com/players/avery/bradley/202340","202340.png"
"2020-05-01 00:00:00","1610612747","12","Devontae Cacok","Forward","6 ft 8 in","240 lbs","https://www.nba.com/players/devontae/cacok/1629719","1629719.png"
"2020-05-01 00:00:00","1610612747","1","Kentavious Caldwell-Pope","Guard","6 ft 5 in","204 lbs","https://www.nba.com/players/kentavious/caldwell-pope/203484","203484.png"
"2020-05-01 00:00:00","1610612747","4","Alex Caruso","Guard","6 ft 5 in","186 lbs","https://www.nba.com/players/alex/caruso/1627936","1627936.png"
"2020-05-01 00:00:00","1610612747","28","Quinn Cook","Guard","6 ft 1 in","180 lbs","https://www.nba.com/players/quinn/cook/1626188","1626188.png"
"2020-05-01 00:00:00","1610612747","3","Anthony Davis","Forward-Center","6 ft 10 in","253 lbs","https://www.nba.com/players/anthony/davis/203076","203076.png"
"2020-05-01 00:00:00","1610612747","10","Jared Dudley","Forward","6 ft 6 in","237 lbs","https://www.nba.com/players/jared/dudley/201162","201162.png"
"2020-05-01 00:00:00","1610612747","14","Danny Green","Guard","6 ft 6 in","215 lbs","https://www.nba.com/players/danny/green/201980","201980.png"
"2020-05-01 00:00:00","1610612747","5","Talen Horton-Tucker","Guard","6 ft 4 in","234 lbs","https://www.nba.com/players/talen/horton-tucker/1629659","1629659.png"
"2020-05-01 00:00:00","1610612747","39","Dwight Howard","Center-Forward","6 ft 10 in","265 lbs","https://www.nba.com/players/dwight/howard/2730","2730.png"
"2020-05-01 00:00:00","1610612747","23","LeBron James","Forward","6 ft 9 in","250 lbs","https://www.nba.com/players/lebron/james/2544","2544.png"
"2020-05-01 00:00:00","1610612747","0","Kyle Kuzma","Forward","6 ft 8 in","221 lbs","https://www.nba.com/players/kyle/kuzma/1628398","1628398.png"
"2020-05-01 00:00:00","1610612747","7","JaVale McGee","Center-Forward","7 ft 0 in","270 lbs","https://www.nba.com/players/javale/mcgee/201580","201580.png"
"2020-05-01 00:00:00","1610612747","88","Markieff Morris","Forward","6 ft 8 in","245 lbs","https://www.nba.com/players/markieff/morris/202693","202693.png"
"2020-05-01 00:00:00","1610612747","9","Rajon Rondo","Guard","6 ft 1 in","180 lbs","https://www.nba.com/players/rajon/rondo/200765","200765.png"
"2020-05-01 00:00:00","1610612747","18","Dion Waiters","Guard","6 ft 3 in","210 lbs","https://www.nba.com/players/dion/waiters/203079","203079.png"
"2020-05-01 00:00:00","1610612763","3","Grayson Allen","Guard","6 ft 4 in","198 lbs","https://www.nba.com/players/grayson/allen/1628960","1628960.png"
"2020-05-01 00:00:00","1610612763","1","Kyle Anderson","Forward-Guard","6 ft 9 in","230 lbs","https://www.nba.com/players/kyle/anderson/203937","203937.png"
"2020-05-01 00:00:00","1610612763","24","Dillon Brooks","Guard-Forward","6 ft 7 in","225 lbs","https://www.nba.com/players/dillon/brooks/1628415","1628415.png"
"2020-05-01 00:00:00","1610612763","15","Brandon Clarke","Forward-Guard","6 ft 8 in","215 lbs","https://www.nba.com/players/brandon/clarke/1629634","1629634.png"
"2020-05-01 00:00:00","1610612763","14","Gorgui Dieng","Center","6 ft 10 in","252 lbs","https://www.nba.com/players/gorgui/dieng/203476","203476.png"
"2020-05-01 00:00:00","1610612763","23","Marko Guduric","Guard","6 ft 6 in","201 lbs","https://www.nba.com/players/marko/guduric/1629741","1629741.png"
"2020-05-01 00:00:00","1610612763","20","Josh Jackson","Guard-Forward","6 ft 8 in","207 lbs","https://www.nba.com/players/josh/jackson/1628367","1628367.png"
"2020-05-01 00:00:00","1610612763","13","Jaren Jackson Jr.","Forward-Center","6 ft 11 in","242 lbs","https://www.nba.com/players/jaren/jackson_jr./1628991","1628991.png"
"2020-05-01 00:00:00","1610612763","21","Tyus Jones","Guard","6 ft 0 in","196 lbs","https://www.nba.com/players/tyus/jones/1626145","1626145.png"
"2020-05-01 00:00:00","1610612763","46","John Konchar","Guard","6 ft 5 in","210 lbs","https://www.nba.com/players/john/konchar/1629723","1629723.png"
"2020-05-01 00:00:00","1610612763","0","De'Anthony Melton","Guard","6 ft 2 in","200 lbs","https://www.nba.com/players/de'anthony/melton/1629001","1629001.png"
"2020-05-01 00:00:00","1610612763","12","Ja Morant","Guard","6 ft 3 in","174 lbs","https://www.nba.com/players/ja/morant/1629630","1629630.png"
"2020-05-01 00:00:00","1610612763","","Jontay Porter","Center-Forward","6 ft 11 in","240 lbs","https://www.nba.com/players/jontay/porter/1629007","1629007.png"
"2020-05-01 00:00:00","1610612763","17","Jonas Valanciunas","Center","6 ft 11 in","265 lbs","https://www.nba.com/players/jonas/valanciunas/202685","202685.png"
"2020-05-01 00:00:00","1610612763","18","Yuta Watanabe","Guard-Forward","6 ft 8 in","215 lbs","https://www.nba.com/players/yuta/watanabe/1629139","1629139.png"
"2020-05-01 00:00:00","1610612763","7","Justise Winslow","Forward-Guard","6 ft 6 in","222 lbs","https://www.nba.com/players/justise/winslow/1626159","1626159.png"
"2020-05-01 00:00:00","1610612748","13","Bam Adebayo","Center-Forward","6 ft 9 in","255 lbs","https://www.nba.com/players/bam/adebayo/1628389","1628389.png"
"2020-05-01 00:00:00","1610612748","17","Kyle Alexander","Forward-Center","6 ft 10 in","216 lbs","https://www.nba.com/players/kyle/alexander/1629734","1629734.png"
"2020-05-01 00:00:00","1610612748","22","Jimmy Butler","Forward","6 ft 7 in","230 lbs","https://www.nba.com/players/jimmy/butler/202710","202710.png"
"2020-05-01 00:00:00","1610612748","99","Jae Crowder","Forward","6 ft 6 in","235 lbs","https://www.nba.com/players/jae/crowder/203109","203109.png"
"2020-05-01 00:00:00","1610612748","7","Goran Dragic","Guard","6 ft 3 in","190 lbs","https://www.nba.com/players/goran/dragic/201609","201609.png"
"2020-05-01 00:00:00","1610612748","40","Udonis Haslem","Forward","6 ft 8 in","235 lbs","https://www.nba.com/players/udonis/haslem/2617","2617.png"
"2020-05-01 00:00:00","1610612748","14","Tyler Herro","Guard","6 ft 5 in","195 lbs","https://www.nba.com/players/tyler/herro/1629639","1629639.png"
"2020-05-01 00:00:00","1610612748","44","Solomon Hill","Forward","6 ft 6 in","226 lbs","https://www.nba.com/players/solomon/hill/203524","203524.png"
"2020-05-01 00:00:00","1610612748","28","Andre Iguodala","Guard-Forward","6 ft 6 in","215 lbs","https://www.nba.com/players/andre/iguodala/2738","2738.png"
"2020-05-01 00:00:00","1610612748","5","Derrick Jones Jr.","Forward","6 ft 6 in","210 lbs","https://www.nba.com/players/derrick/jones_jr./1627884","1627884.png"
"2020-05-01 00:00:00","1610612748","0","Meyers Leonard","Forward-Center","7 ft 0 in","260 lbs","https://www.nba.com/players/meyers/leonard/203086","203086.png"
"2020-05-01 00:00:00","1610612748","25","Kendrick Nunn","Guard","6 ft 2 in","190 lbs","https://www.nba.com/players/kendrick/nunn/1629134","1629134.png"
"2020-05-01 00:00:00","1610612748","4","KZ Okpala","Forward-Guard","6 ft 8 in","215 lbs","https://www.nba.com/players/kz/okpala/1629644","1629644.png"
"2020-05-01 00:00:00","1610612748","9","Kelly Olynyk","Forward-Center","6 ft 11 in","240 lbs","https://www.nba.com/players/kelly/olynyk/203482","203482.png"
"2020-05-01 00:00:00","1610612748","55","Duncan Robinson","Forward","6 ft 7 in","215 lbs","https://www.nba.com/players/duncan/robinson/1629130","1629130.png"
"2020-05-01 00:00:00","1610612748","30","Chris Silva","Forward","6 ft 8 in","234 lbs","https://www.nba.com/players/chris/silva/1629735","1629735.png"
"2020-05-01 00:00:00","1610612748","2","Gabe Vincent","Guard","6 ft 3 in","200 lbs","https://www.nba.com/players/gabe/vincent/1629216","1629216.png"
"2020-05-01 00:00:00","1610612749","34","Giannis Antetokounmpo","Forward","6 ft 11 in","242 lbs","https://www.nba.com/players/giannis/antetokounmpo/203507","203507.png"
"2020-05-01 00:00:00","1610612749","43","Thanasis Antetokounmpo","Forward","6 ft 6 in","219 lbs","https://www.nba.com/players/thanasis/antetokounmpo/203648","203648.png"
"2020-05-01 00:00:00","1610612749","6","Eric Bledsoe","Guard","6 ft 1 in","214 lbs","https://www.nba.com/players/eric/bledsoe/202339","202339.png"
"2020-05-01 00:00:00","1610612749","23","Sterling Brown","Guard-Forward","6 ft 5 in","219 lbs","https://www.nba.com/players/sterling/brown/1628425","1628425.png"
"2020-05-01 00:00:00","1610612749","24","Pat Connaughton","Guard","6 ft 5 in","209 lbs","https://www.nba.com/players/pat/connaughton/1626192","1626192.png"
"2020-05-01 00:00:00","1610612749","0","Donte DiVincenzo","Guard","6 ft 4 in","203 lbs","https://www.nba.com/players/donte/divincenzo/1628978","1628978.png"
"2020-05-01 00:00:00","1610612749","3","George Hill","Guard","6 ft 3 in","188 lbs","https://www.nba.com/players/george/hill/201588","201588.png"
"2020-05-01 00:00:00","1610612749","7","Ersan Ilyasova","Forward","6 ft 9 in","235 lbs","https://www.nba.com/players/ersan/ilyasova/101141","101141.png"
"2020-05-01 00:00:00","1610612749","26","Kyle Korver","Guard-Forward","6 ft 7 in","212 lbs","https://www.nba.com/players/kyle/korver/2594","2594.png"
"2020-05-01 00:00:00","1610612749","11","Brook Lopez","Center","7 ft 0 in","282 lbs","https://www.nba.com/players/brook/lopez/201572","201572.png"
"2020-05-01 00:00:00","1610612749","42","Robin Lopez","Center","7 ft 0 in","281 lbs","https://www.nba.com/players/robin/lopez/201577","201577.png"
"2020-05-01 00:00:00","1610612749","15","Frank Mason","Guard","5 ft 11 in","190 lbs","https://www.nba.com/players/frank/mason/1628412","1628412.png"
"2020-05-01 00:00:00","1610612749","9","Wesley Matthews","Guard","6 ft 4 in","220 lbs","https://www.nba.com/players/wesley/matthews/202083","202083.png"
"2020-05-01 00:00:00","1610612749","22","Khris Middleton","Forward","6 ft 7 in","222 lbs","https://www.nba.com/players/khris/middleton/203114","203114.png"
"2020-05-01 00:00:00","1610612749","13","Cameron Reynolds","Guard-Forward","6 ft 7 in","225 lbs","https://www.nba.com/players/cameron/reynolds/1629244","1629244.png"
"2020-05-01 00:00:00","1610612749","20","Marvin Williams","Forward","6 ft 8 in","237 lbs","https://www.nba.com/players/marvin/williams/101107","101107.png"
"2020-05-01 00:00:00","1610612749","5","D.J. Wilson","Forward","6 ft 10 in","231 lbs","https://www.nba.com/players/d.j./wilson/1628391","1628391.png"
"2020-05-01 00:00:00","1610612750","5","Malik Beasley","Guard","6 ft 4 in","187 lbs","https://www.nba.com/players/malik/beasley/1627736","1627736.png"
"2020-05-01 00:00:00","1610612750","23","Jarrett Culver","Guard-Forward","6 ft 6 in","195 lbs","https://www.nba.com/players/jarrett/culver/1629633","1629633.png"
"2020-05-01 00:00:00","1610612750","12","Jacob Evans","Guard-Forward","6 ft 4 in","210 lbs","https://www.nba.com/players/jacob/evans/1628980","1628980.png"
"2020-05-01 00:00:00","1610612750","41","Juancho Hernangomez","Forward","6 ft 9 in","214 lbs","https://www.nba.com/players/juancho/hernangomez/1627823","1627823.png"
"2020-05-01 00:00:00","1610612750","16","James Johnson","Forward","6 ft 7 in","240 lbs","https://www.nba.com/players/james/johnson/201949","201949.png"
"2020-05-01 00:00:00","1610612750","10","Jake Layman","Forward","6 ft 8 in","209 lbs","https://www.nba.com/players/jake/layman/1627774","1627774.png"
"2020-05-01 00:00:00","1610612750","30","Kelan Martin","Forward","6 ft 5 in","230 lbs","https://www.nba.com/players/kelan/martin/1629103","1629103.png"
"2020-05-01 00:00:00","1610612750","6","Jordan McLaughlin","Guard","5 ft 11 in","185 lbs","https://www.nba.com/players/jordan/mclaughlin/1629162","1629162.png"
"2020-05-01 00:00:00","1610612750","4","Jaylen Nowell","Guard","6 ft 4 in","201 lbs","https://www.nba.com/players/jaylen/nowell/1629669","1629669.png"
"2020-05-01 00:00:00","1610612750","20","Josh Okogie","Guard","6 ft 4 in","213 lbs","https://www.nba.com/players/josh/okogie/1629006","1629006.png"
"2020-05-01 00:00:00","1610612750","11","Naz Reid","Center-Forward","6 ft 9 in","264 lbs","https://www.nba.com/players/naz/reid/1629675","1629675.png"
"2020-05-01 00:00:00","1610612750","0","D'Angelo Russell","Guard","6 ft 4 in","193 lbs","https://www.nba.com/players/d'angelo/russell/1626156","1626156.png"
"2020-05-01 00:00:00","1610612750","14","Omari Spellman","Forward","6 ft 8 in","245 lbs","https://www.nba.com/players/omari/spellman/1629016","1629016.png"
"2020-05-01 00:00:00","1610612750","32","Karl-Anthony Towns","Center-Forward","6 ft 11 in","248 lbs","https://www.nba.com/players/karl-anthony/towns/1626157","1626157.png"
"2020-05-01 00:00:00","1610612750","1","Evan Turner","Guard-Forward","6 ft 6 in","220 lbs","https://www.nba.com/players/evan/turner/202323","202323.png"
"2020-05-01 00:00:00","1610612750","3","Jarred Vanderbilt","Forward","6 ft 9 in","214 lbs","https://www.nba.com/players/jarred/vanderbilt/1629020","1629020.png"
"2020-05-01 00:00:00","1610612740","0","Nickeil Alexander-Walker","Guard","6 ft 5 in","205 lbs","https://www.nba.com/players/nickeil/alexander-walker/1629638","1629638.png"
"2020-05-01 00:00:00","1610612740","2","Lonzo Ball","Guard","6 ft 6 in","190 lbs","https://www.nba.com/players/lonzo/ball/1628366","1628366.png"
"2020-05-01 00:00:00","1610612740","45","Zylan Cheatham","Forward","6 ft 5 in","220 lbs","https://www.nba.com/players/zylan/cheatham/1629597","1629597.png"
"2020-05-01 00:00:00","1610612740","22","Derrick Favors","Forward","6 ft 9 in","265 lbs","https://www.nba.com/players/derrick/favors/202324","202324.png"
"2020-05-01 00:00:00","1610612740","5","Josh Gray","Guard","6 ft 0 in","180 lbs","https://www.nba.com/players/josh/gray/1627982","1627982.png"
"2020-05-01 00:00:00","1610612740","3","Josh Hart","Guard","6 ft 5 in","215 lbs","https://www.nba.com/players/josh/hart/1628404","1628404.png"
"2020-05-01 00:00:00","1610612740","10","Jaxson Hayes","Center-Forward","6 ft 11 in","220 lbs","https://www.nba.com/players/jaxson/hayes/1629637","1629637.png"
"2020-05-01 00:00:00","1610612740","11","Jrue Holiday","Guard","6 ft 3 in","205 lbs","https://www.nba.com/players/jrue/holiday/201950","201950.png"
"2020-05-01 00:00:00","1610612740","14","Brandon Ingram","Forward","6 ft 7 in","190 lbs","https://www.nba.com/players/brandon/ingram/1627742","1627742.png"
"2020-05-01 00:00:00","1610612740","15","Frank Jackson","Guard","6 ft 3 in","205 lbs","https://www.nba.com/players/frank/jackson/1628402","1628402.png"
"2020-05-01 00:00:00","1610612740","20","Nicolo Melli","Forward","6 ft 9 in","236 lbs","https://www.nba.com/players/nicolo/melli/1629740","1629740.png"
"2020-05-01 00:00:00","1610612740","21","Darius Miller","Forward","6 ft 6 in","225 lbs","https://www.nba.com/players/darius/miller/203121","203121.png"
"2020-05-01 00:00:00","1610612740","55","E'Twaun Moore","Guard","6 ft 3 in","191 lbs","https://www.nba.com/players/e'twaun/moore/202734","202734.png"
"2020-05-01 00:00:00","1610612740","9","Jahlil Okafor","Center-Forward","6 ft 10 in","270 lbs","https://www.nba.com/players/jahlil/okafor/1626143","1626143.png"
"2020-05-01 00:00:00","1610612740","4","JJ Redick","Guard","6 ft 3 in","200 lbs","https://www.nba.com/players/jj/redick/200755","200755.png"
"2020-05-01 00:00:00","1610612740","34","Kenrich Williams","Guard-Forward","6 ft 6 in","210 lbs","https://www.nba.com/players/kenrich/williams/1629026","1629026.png"
"2020-05-01 00:00:00","1610612740","1","Zion Williamson","Forward","6 ft 6 in","284 lbs","https://www.nba.com/players/zion/williamson/1629627","1629627.png"
"2020-05-01 00:00:00","1610612752","0","Kadeem Allen","Guard","6 ft 1 in","200 lbs","https://www.nba.com/players/kadeem/allen/1628443","1628443.png"
"2020-05-01 00:00:00","1610612752","9","RJ Barrett","Forward-Guard","6 ft 6 in","214 lbs","https://www.nba.com/players/rj/barrett/1629628","1629628.png"
"2020-05-01 00:00:00","1610612752","17","Ignas Brazdeikis","Forward","6 ft 6 in","221 lbs","https://www.nba.com/players/ignas/brazdeikis/1629649","1629649.png"
"2020-05-01 00:00:00","1610612752","25","Reggie Bullock","Guard-Forward","6 ft 6 in","205 lbs","https://www.nba.com/players/reggie/bullock/203493","203493.png"
"2020-05-01 00:00:00","1610612752","21","Damyean Dotson","Guard","6 ft 5 in","210 lbs","https://www.nba.com/players/damyean/dotson/1628422","1628422.png"
"2020-05-01 00:00:00","1610612752","2","Wayne Ellington","Guard","6 ft 4 in","207 lbs","https://www.nba.com/players/wayne/ellington/201961","201961.png"
"2020-05-01 00:00:00","1610612752","67","Taj Gibson","Forward","6 ft 9 in","232 lbs","https://www.nba.com/players/taj/gibson/201959","201959.png"
"2020-05-01 00:00:00","1610612752","3","Maurice Harkless","Forward-Guard","6 ft 7 in","220 lbs","https://www.nba.com/players/maurice/harkless/203090","203090.png"
"2020-05-01 00:00:00","1610612752","20","Kevin Knox II","Forward","6 ft 7 in","215 lbs","https://www.nba.com/players/kevin/knox_ii/1628995","1628995.png"
"2020-05-01 00:00:00","1610612752","11","Frank Ntilikina","Guard","6 ft 4 in","200 lbs","https://www.nba.com/players/frank/ntilikina/1628373","1628373.png"
"2020-05-01 00:00:00","1610612752","6","Elfrid Payton","Guard","6 ft 3 in","195 lbs","https://www.nba.com/players/elfrid/payton/203901","203901.png"
"2020-05-01 00:00:00","1610612752","1","Bobby Portis","Forward","6 ft 10 in","250 lbs","https://www.nba.com/players/bobby/portis/1626171","1626171.png"
"2020-05-01 00:00:00","1610612752","30","Julius Randle","Forward-Center","6 ft 8 in","250 lbs","https://www.nba.com/players/julius/randle/203944","203944.png"
"2020-05-01 00:00:00","1610612752","23","Mitchell Robinson","Center-Forward","7 ft 0 in","240 lbs","https://www.nba.com/players/mitchell/robinson/1629011","1629011.png"
"2020-05-01 00:00:00","1610612752","5","Dennis Smith Jr.","Guard","6 ft 2 in","205 lbs","https://www.nba.com/players/dennis/smith_jr./1628372","1628372.png"
"2020-05-01 00:00:00","1610612752","14","Allonzo Trier","Guard","6 ft 4 in","200 lbs","https://www.nba.com/players/allonzo/trier/1629019","1629019.png"
"2020-05-01 00:00:00","1610612752","45","Kenny Wooten","Forward","6 ft 8 in","235 lbs","https://www.nba.com/players/kenny/wooten/1629624","1629624.png"
"2020-05-01 00:00:00","1610612760","12","Steven Adams","Center","6 ft 11 in","265 lbs","https://www.nba.com/players/steven/adams/203500","203500.png"
"2020-05-01 00:00:00","1610612760","7","Darius Bazley","Forward-Guard","6 ft 8 in","208 lbs","https://www.nba.com/players/darius/bazley/1629647","1629647.png"
"2020-05-01 00:00:00","1610612760","30","Deonte Burton","Guard-Forward","6 ft 4 in","240 lbs","https://www.nba.com/players/deonte/burton/1629126","1629126.png"
"2020-05-01 00:00:00","1610612760","6","Hamidou Diallo","Guard","6 ft 5 in","202 lbs","https://www.nba.com/players/hamidou/diallo/1628977","1628977.png"
"2020-05-01 00:00:00","1610612760","5","Luguentz Dort","Guard","6 ft 3 in","215 lbs","https://www.nba.com/players/luguentz/dort/1629652","1629652.png"
"2020-05-01 00:00:00","1610612760","23","Terrance Ferguson","Guard","6 ft 6 in","190 lbs","https://www.nba.com/players/terrance/ferguson/1628390","1628390.png"
"2020-05-01 00:00:00","1610612760","8","Danilo Gallinari","Forward","6 ft 10 in","233 lbs","https://www.nba.com/players/danilo/gallinari/201568","201568.png"
"2020-05-01 00:00:00","1610612760","2","Shai Gilgeous-Alexander","Guard-Forward","6 ft 5 in","180 lbs","https://www.nba.com/players/shai/gilgeous-alexander/1628983","1628983.png"
"2020-05-01 00:00:00","1610612760","15","Kevin Hervey","Forward","6 ft 9 in","230 lbs","https://www.nba.com/players/kevin/hervey/1628987","1628987.png"
"2020-05-01 00:00:00","1610612760","33","Mike Muscala","Forward-Center","6 ft 10 in","240 lbs","https://www.nba.com/players/mike/muscala/203488","203488.png"
"2020-05-01 00:00:00","1610612760","11","Abdel Nader","Forward","6 ft 5 in","225 lbs","https://www.nba.com/players/abdel/nader/1627846","1627846.png"
"2020-05-01 00:00:00","1610612760","9","Nerlens Noel","Center-Forward","6 ft 10 in","220 lbs","https://www.nba.com/players/nerlens/noel/203457","203457.png"
"2020-05-01 00:00:00","1610612760","3","Chris Paul","Guard","6 ft 1 in","175 lbs","https://www.nba.com/players/chris/paul/101108","101108.png"
"2020-05-01 00:00:00","1610612760","21","Andre Roberson","Guard-Forward","6 ft 7 in","210 lbs","https://www.nba.com/players/andre/roberson/203460","203460.png"
"2020-05-01 00:00:00","1610612760","22","Isaiah Roby","Forward","6 ft 8 in","230 lbs","https://www.nba.com/players/isaiah/roby/1629676","1629676.png"
"2020-05-01 00:00:00","1610612760","17","Dennis Schroder","Guard","6 ft 1 in","172 lbs","https://www.nba.com/players/dennis/schroder/203471","203471.png"
"2020-05-01 00:00:00","1610612753","2","Al-Farouq Aminu","Forward","6 ft 8 in","220 lbs","https://www.nba.com/players/al-farouq/aminu/202329","202329.png"
"2020-05-01 00:00:00","1610612753","14","D.J. Augustin","Guard","5 ft 11 in","183 lbs","https://www.nba.com/players/d.j./augustin/201571","201571.png"
"2020-05-01 00:00:00","1610612753","5","Mo Bamba","Center","7 ft 0 in","231 lbs","https://www.nba.com/players/mo/bamba/1628964","1628964.png"
"2020-05-01 00:00:00","1610612753","24","Khem Birch","Center","6 ft 9 in","233 lbs","https://www.nba.com/players/khem/birch/203920","203920.png"
"2020-05-01 00:00:00","1610612753","7","Michael Carter-Williams","Guard","6 ft 5 in","190 lbs","https://www.nba.com/players/michael/carter-williams/203487","203487.png"
"2020-05-01 00:00:00","1610612753","12","Gary Clark","Forward","6 ft 6 in","225 lbs","https://www.nba.com/players/gary/clark/1629109","1629109.png"
"2020-05-01 00:00:00","1610612753","11","James Ennis III","Forward","6 ft 6 in","215 lbs","https://www.nba.com/players/james/ennis_iii/203516","203516.png"
"2020-05-01 00:00:00","1610612753","10","Evan Fournier","Guard-Forward","6 ft 7 in","205 lbs","https://www.nba.com/players/evan/fournier/203095","203095.png"
"2020-05-01 00:00:00","1610612753","35","Melvin Frazier Jr.","Guard-Forward","6 ft 5 in","215 lbs","https://www.nba.com/players/melvin/frazier_jr./1628982","1628982.png"
"2020-05-01 00:00:00","1610612753","20","Markelle Fultz","Guard","6 ft 3 in","209 lbs","https://www.nba.com/players/markelle/fultz/1628365","1628365.png"
"2020-05-01 00:00:00","1610612753","00","Aaron Gordon","Forward","6 ft 8 in","235 lbs","https://www.nba.com/players/aaron/gordon/203932","203932.png"
"2020-05-01 00:00:00","1610612753","1","Jonathan Isaac","Forward","6 ft 11 in","230 lbs","https://www.nba.com/players/jonathan/isaac/1628371","1628371.png"
"2020-05-01 00:00:00","1610612753","25","Wes Iwundu","Forward","6 ft 6 in","195 lbs","https://www.nba.com/players/wes/iwundu/1628411","1628411.png"
"2020-05-01 00:00:00","1610612753","13","BJ Johnson","Forward","6 ft 7 in","200 lbs","https://www.nba.com/players/bj/johnson/1629168","1629168.png"
"2020-05-01 00:00:00","1610612753","23","Vic Law","Forward","6 ft 7 in","201 lbs","https://www.nba.com/players/vic/law/1629724","1629724.png"
"2020-05-01 00:00:00","1610612753","31","Terrence Ross","Guard-Forward","6 ft 6 in","206 lbs","https://www.nba.com/players/terrence/ross/203082","203082.png"
"2020-05-01 00:00:00","1610612753","9","Nikola Vucevic","Center","6 ft 11 in","260 lbs","https://www.nba.com/players/nikola/vucevic/202696","202696.png"
"2020-05-01 00:00:00","1610612755","20","Alec Burks","Guard","6 ft 6 in","214 lbs","https://www.nba.com/players/alec/burks/202692","202692.png"
"2020-05-01 00:00:00","1610612755","21","Joel Embiid","Center-Forward","7 ft 0 in","280 lbs","https://www.nba.com/players/joel/embiid/203954","203954.png"
"2020-05-01 00:00:00","1610612755","12","Tobias Harris","Forward","6 ft 8 in","226 lbs","https://www.nba.com/players/tobias/harris/202699","202699.png"
"2020-05-01 00:00:00","1610612755","42","Al Horford","Center-Forward","6 ft 9 in","240 lbs","https://www.nba.com/players/al/horford/201143","201143.png"
"2020-05-01 00:00:00","1610612755","30","Furkan Korkmaz","Guard-Forward","6 ft 7 in","202 lbs","https://www.nba.com/players/furkan/korkmaz/1627788","1627788.png"
"2020-05-01 00:00:00","1610612755","18","Shake Milton","Guard-Forward","6 ft 5 in","205 lbs","https://www.nba.com/players/shake/milton/1629003","1629003.png"
"2020-05-01 00:00:00","1610612755","19","Raul Neto","Guard","6 ft 1 in","180 lbs","https://www.nba.com/players/raul/neto/203526","203526.png"
"2020-05-01 00:00:00","1610612755","9","Kyle O'Quinn","Center-Forward","6 ft 9 in","250 lbs","https://www.nba.com/players/kyle/o'quinn/203124","203124.png"
"2020-05-01 00:00:00","1610612755","14","Norvel Pelle","Forward","6 ft 10 in","231 lbs","https://www.nba.com/players/norvel/pelle/203658","203658.png"
"2020-05-01 00:00:00","1610612755","0","Josh Richardson","Guard","6 ft 5 in","200 lbs","https://www.nba.com/players/josh/richardson/1626196","1626196.png"
"2020-05-01 00:00:00","1610612755","22","Glenn Robinson III","Forward","6 ft 6 in","222 lbs","https://www.nba.com/players/glenn/robinson_iii/203922","203922.png"
"2020-05-01 00:00:00","1610612755","1","Mike Scott","Forward","6 ft 7 in","237 lbs","https://www.nba.com/players/mike/scott/203118","203118.png"
"2020-05-01 00:00:00","1610612755","35","Marial Shayok","Guard-Forward","6 ft 5 in","198 lbs","https://www.nba.com/players/marial/shayok/1629621","1629621.png"
"2020-05-01 00:00:00","1610612755","25","Ben Simmons","Guard-Forward","6 ft 10 in","240 lbs","https://www.nba.com/players/ben/simmons/1627732","1627732.png"
"2020-05-01 00:00:00","1610612755","5","Zhaire Smith","Guard","6 ft 3 in","205 lbs","https://www.nba.com/players/zhaire/smith/1629015","1629015.png"
"2020-05-01 00:00:00","1610612755","22","Matisse Thybulle","Guard-Forward","6 ft 5 in","201 lbs","https://www.nba.com/players/matisse/thybulle/1629680","1629680.png"
"2020-05-01 00:00:00","1610612756","22","Deandre Ayton","Center","6 ft 11 in","250 lbs","https://www.nba.com/players/deandre/ayton/1629028","1629028.png"
"2020-05-01 00:00:00","1610612756","46","Aron Baynes","Center-Forward","6 ft 10 in","260 lbs","https://www.nba.com/players/aron/baynes/203382","203382.png"
"2020-05-01 00:00:00","1610612756","1","Devin Booker","Guard","6 ft 5 in","206 lbs","https://www.nba.com/players/devin/booker/1626164","1626164.png"
"2020-05-01 00:00:00","1610612756","25","Mikal Bridges","Forward","6 ft 6 in","209 lbs","https://www.nba.com/players/mikal/bridges/1628969","1628969.png"
"2020-05-01 00:00:00","1610612756","4","Jevon Carter","Guard","6 ft 1 in","200 lbs","https://www.nba.com/players/jevon/carter/1628975","1628975.png"
"2020-05-01 00:00:00","1610612756","14","Cheick Diallo","Forward-Center","6 ft 8 in","219 lbs","https://www.nba.com/players/cheick/diallo/1627767","1627767.png"
"2020-05-01 00:00:00","1610612756","12","Jared Harper","Guard","5 ft 10 in","175 lbs","https://www.nba.com/players/jared/harper/1629607","1629607.png"
"2020-05-01 00:00:00","1610612756","10","Ty Jerome","Guard-Forward","6 ft 5 in","195 lbs","https://www.nba.com/players/ty/jerome/1629660","1629660.png"
"2020-05-01 00:00:00","1610612756","23","Cameron Johnson","Forward","6 ft 8 in","210 lbs","https://www.nba.com/players/cameron/johnson/1629661","1629661.png"
"2020-05-01 00:00:00","1610612756","8","Frank Kaminsky","Forward-Center","7 ft 0 in","240 lbs","https://www.nba.com/players/frank/kaminsky/1626163","1626163.png"
"2020-05-01 00:00:00","1610612756","0","Jalen Lecque","Guard","6 ft 4 in","185 lbs","https://www.nba.com/players/jalen/lecque/1629665","1629665.png"
"2020-05-01 00:00:00","1610612756","2","Elie Okobo","Forward-Guard","6 ft 3 in","190 lbs","https://www.nba.com/players/elie/okobo/1629059","1629059.png"
"2020-05-01 00:00:00","1610612756","3","Kelly Oubre Jr.","Forward-Guard","6 ft 7 in","203 lbs","https://www.nba.com/players/kelly/oubre_jr./1626162","1626162.png"
"2020-05-01 00:00:00","1610612756","41","Tariq Owens","Forward","6 ft 10 in","205 lbs","https://www.nba.com/players/tariq/owens/1629745","1629745.png"
"2020-05-01 00:00:00","1610612756","11","Ricky Rubio","Guard","6 ft 3 in","190 lbs","https://www.nba.com/players/ricky/rubio/201937","201937.png"
"2020-05-01 00:00:00","1610612756","20","Dario Saric","Forward","6 ft 10 in","225 lbs","https://www.nba.com/players/dario/saric/203967","203967.png"
"2020-05-01 00:00:00","1610612757","00","Carmelo Anthony","Forward","6 ft 8 in","238 lbs","https://www.nba.com/players/carmelo/anthony/2546","2546.png"
"2020-05-01 00:00:00","1610612757","8","Trevor Ariza","Forward","6 ft 8 in","215 lbs","https://www.nba.com/players/trevor/ariza/2772","2772.png"
"2020-05-01 00:00:00","1610612757","4","Moses Brown","Center","7 ft 2 in","245 lbs","https://www.nba.com/players/moses/brown/1629650","1629650.png"
"2020-05-01 00:00:00","1610612757","33","Zach Collins","Forward-Center","6 ft 11 in","250 lbs","https://www.nba.com/players/zach/collins/1628380","1628380.png"
"2020-05-01 00:00:00","1610612757","35","Wenyen Gabriel","Forward","6 ft 9 in","205 lbs","https://www.nba.com/players/wenyen/gabriel/1629117","1629117.png"
"2020-05-01 00:00:00","1610612757","44","Mario Hezonja","Forward-Guard","6 ft 8 in","220 lbs","https://www.nba.com/players/mario/hezonja/1626209","1626209.png"
"2020-05-01 00:00:00","1610612757","6","Jaylen Hoard","Forward","6 ft 8 in","216 lbs","https://www.nba.com/players/jaylen/hoard/1629658","1629658.png"
"2020-05-01 00:00:00","1610612757","5","Rodney Hood","Guard-Forward","6 ft 8 in","208 lbs","https://www.nba.com/players/rodney/hood/203918","203918.png"
"2020-05-01 00:00:00","1610612757","0","Damian Lillard","Guard","6 ft 2 in","195 lbs","https://www.nba.com/players/damian/lillard/203081","203081.png"
"2020-05-01 00:00:00","1610612757","9","Nassir Little","Forward-Guard","6 ft 5 in","220 lbs","https://www.nba.com/players/nassir/little/1629642","1629642.png"
"2020-05-01 00:00:00","1610612757","3","CJ McCollum","Guard","6 ft 3 in","190 lbs","https://www.nba.com/players/cj/mccollum/203468","203468.png"
"2020-05-01 00:00:00","1610612757","27","Jusuf Nurkic","Center","7 ft 0 in","290 lbs","https://www.nba.com/players/jusuf/nurkic/203994","203994.png"
"2020-05-01 00:00:00","1610612757","1","Anfernee Simons","Guard","6 ft 3 in","181 lbs","https://www.nba.com/players/anfernee/simons/1629014","1629014.png"
"2020-05-01 00:00:00","1610612757","50","Caleb Swanigan","Forward","6 ft 9 in","260 lbs","https://www.nba.com/players/caleb/swanigan/1628403","1628403.png"
"2020-05-01 00:00:00","1610612757","2","Gary Trent Jr.","Guard-Forward","6 ft 5 in","209 lbs","https://www.nba.com/players/gary/trent_jr./1629018","1629018.png"
"2020-05-01 00:00:00","1610612757","21","Hassan Whiteside","Center","7 ft 0 in","265 lbs","https://www.nba.com/players/hassan/whiteside/202355","202355.png"
"2020-05-01 00:00:00","1610612758","35","Marvin Bagley III","Forward","6 ft 11 in","235 lbs","https://www.nba.com/players/marvin/bagley_iii/1628963","1628963.png"
"2020-05-01 00:00:00","1610612758","40","Harrison Barnes","Forward","6 ft 8 in","225 lbs","https://www.nba.com/players/harrison/barnes/203084","203084.png"
"2020-05-01 00:00:00","1610612758","26","Kent Bazemore","Guard-Forward","6 ft 4 in","195 lbs","https://www.nba.com/players/kent/bazemore/203145","203145.png"
"2020-05-01 00:00:00","1610612758","88","Nemanja Bjelica","Forward","6 ft 10 in","234 lbs","https://www.nba.com/players/nemanja/bjelica/202357","202357.png"
"2020-05-01 00:00:00","1610612758","8","Bogdan Bogdanovic","Guard","6 ft 6 in","220 lbs","https://www.nba.com/players/bogdan/bogdanovic/203992","203992.png"
"2020-05-01 00:00:00","1610612758","3","Yogi Ferrell","Guard","6 ft 0 in","178 lbs","https://www.nba.com/players/yogi/ferrell/1627812","1627812.png"
"2020-05-01 00:00:00","1610612758","5","De'Aaron Fox","Guard","6 ft 3 in","185 lbs","https://www.nba.com/players/de'aaron/fox/1628368","1628368.png"
"2020-05-01 00:00:00","1610612758","20","Harry Giles III","Forward-Center","6 ft 11 in","240 lbs","https://www.nba.com/players/harry/giles_iii/1628385","1628385.png"
"2020-05-01 00:00:00","1610612758","7","Kyle Guy","Guard","6 ft 1 in","167 lbs","https://www.nba.com/players/kyle/guy/1629657","1629657.png"
"2020-05-01 00:00:00","1610612758","24","Buddy Hield","Guard","6 ft 4 in","220 lbs","https://www.nba.com/players/buddy/hield/1627741","1627741.png"
"2020-05-01 00:00:00","1610612758","22","Richaun Holmes","Forward","6 ft 10 in","235 lbs","https://www.nba.com/players/richaun/holmes/1626158","1626158.png"
"2020-05-01 00:00:00","1610612758","10","Justin James","Guard-Forward","6 ft 7 in","190 lbs","https://www.nba.com/players/justin/james/1629713","1629713.png"
"2020-05-01 00:00:00","1610612758","19","DaQuan Jeffries","Guard-Forward","6 ft 5 in","230 lbs","https://www.nba.com/players/daquan/jeffries/1629610","1629610.png"
"2020-05-01 00:00:00","1610612758","9","Cory Joseph","Guard","6 ft 3 in","200 lbs","https://www.nba.com/players/cory/joseph/202709","202709.png"
"2020-05-01 00:00:00","1610612758","25","Alex Len","Center","7 ft 0 in","250 lbs","https://www.nba.com/players/alex/len/203458","203458.png"
"2020-05-01 00:00:00","1610612758","33","Jabari Parker","Forward","6 ft 8 in","245 lbs","https://www.nba.com/players/jabari/parker/203953","203953.png"
"2020-05-01 00:00:00","1610612759","12","LaMarcus Aldridge","Center-Forward","6 ft 11 in","250 lbs","https://www.nba.com/players/lamarcus/aldridge/200746","200746.png"
"2020-05-01 00:00:00","1610612759","18","Marco Belinelli","Guard","6 ft 5 in","220 lbs","https://www.nba.com/players/marco/belinelli/201158","201158.png"
"2020-05-01 00:00:00","1610612759","10","DeMar DeRozan","Guard-Forward","6 ft 6 in","220 lbs","https://www.nba.com/players/demar/derozan/201942","201942.png"
"2020-05-01 00:00:00","1610612759","14","Drew Eubanks","Forward-Center","6 ft 9 in","245 lbs","https://www.nba.com/players/drew/eubanks/1629234","1629234.png"
"2020-05-01 00:00:00","1610612759","11","Bryn Forbes","Guard","6 ft 2 in","205 lbs","https://www.nba.com/players/bryn/forbes/1627854","1627854.png"
"2020-05-01 00:00:00","1610612759","22","Rudy Gay","Forward-Guard","6 ft 8 in","250 lbs","https://www.nba.com/players/rudy/gay/200752","200752.png"
"2020-05-01 00:00:00","1610612759","3","Keldon Johnson","Forward-Guard","6 ft 5 in","220 lbs","https://www.nba.com/players/keldon/johnson/1629640","1629640.png"
"2020-05-01 00:00:00","1610612759","41","Trey Lyles","Forward","6 ft 9 in","234 lbs","https://www.nba.com/players/trey/lyles/1626168","1626168.png"
"2020-05-01 00:00:00","1610612759","7","Chimezie Metu","Forward-Center","6 ft 9 in","225 lbs","https://www.nba.com/players/chimezie/metu/1629002","1629002.png"
"2020-05-01 00:00:00","1610612759","8","Patty Mills","Guard","6 ft 1 in","180 lbs","https://www.nba.com/players/patty/mills/201988","201988.png"
"2020-05-01 00:00:00","1610612759","5","Dejounte Murray","Guard","6 ft 4 in","180 lbs","https://www.nba.com/players/dejounte/murray/1627749","1627749.png"
"2020-05-01 00:00:00","1610612759","25","Jakob Poeltl","Center","7 ft 1 in","245 lbs","https://www.nba.com/players/jakob/poeltl/1627751","1627751.png"
"2020-05-01 00:00:00","1610612759","19","Luka Samanic","Forward","6 ft 10 in","227 lbs","https://www.nba.com/players/luka/samanic/1629677","1629677.png"
"2020-05-01 00:00:00","1610612759","1","Lonnie Walker IV","Guard-Forward","6 ft 5 in","204 lbs","https://www.nba.com/players/lonnie/walker_iv/1629022","1629022.png"
"2020-05-01 00:00:00","1610612759","15","Quinndary Weatherspoon","Guard","6 ft 3 in","205 lbs","https://www.nba.com/players/quinndary/weatherspoon/1629683","1629683.png"
"2020-05-01 00:00:00","1610612759","4","Derrick White","Guard","6 ft 4 in","190 lbs","https://www.nba.com/players/derrick/white/1628401","1628401.png"
"2020-05-01 00:00:00","1610612761","3","OG Anunoby","Forward","6 ft 7 in","232 lbs","https://www.nba.com/players/og/anunoby/1628384","1628384.png"
"2020-05-01 00:00:00","1610612761","25","Chris Boucher","Forward-Center","6 ft 9 in","200 lbs","https://www.nba.com/players/chris/boucher/1628449","1628449.png"
"2020-05-01 00:00:00","1610612761","12","Oshae Brissett","Forward-Guard","6 ft 7 in","210 lbs","https://www.nba.com/players/oshae/brissett/1629052","1629052.png"
"2020-05-01 00:00:00","1610612761","0","Terence Davis","Guard","6 ft 4 in","201 lbs","https://www.nba.com/players/terence/davis/1629056","1629056.png"
"2020-05-01 00:00:00","1610612761","33","Marc Gasol","Center","6 ft 11 in","255 lbs","https://www.nba.com/players/marc/gasol/201188","201188.png"
"2020-05-01 00:00:00","1610612761","20","Dewan Hernandez","Center-Forward","6 ft 10 in","235 lbs","https://www.nba.com/players/dewan/hernandez/1629608","1629608.png"
"2020-05-01 00:00:00","1610612761","4","Rondae Hollis-Jefferson","Forward","6 ft 6 in","217 lbs","https://www.nba.com/players/rondae/hollis-jefferson/1626178","1626178.png"
"2020-05-01 00:00:00","1610612761","9","Serge Ibaka","Forward","7 ft 0 in","235 lbs","https://www.nba.com/players/serge/ibaka/201586","201586.png"
"2020-05-01 00:00:00","1610612761","5","Stanley Johnson","Forward-Guard","6 ft 6 in","242 lbs","https://www.nba.com/players/stanley/johnson/1626169","1626169.png"
"2020-05-01 00:00:00","1610612761","7","Kyle Lowry","Guard","6 ft 0 in","196 lbs","https://www.nba.com/players/kyle/lowry/200768","200768.png"
"2020-05-01 00:00:00","1610612761","22","Patrick McCaw","Guard","6 ft 7 in","181 lbs","https://www.nba.com/players/patrick/mccaw/1627775","1627775.png"
"2020-05-01 00:00:00","1610612761","13","Malcolm Miller","Guard-Forward","6 ft 7 in","210 lbs","https://www.nba.com/players/malcolm/miller/1626259","1626259.png"
"2020-05-01 00:00:00","1610612761","24","Norman Powell","Guard","6 ft 3 in","215 lbs","https://www.nba.com/players/norman/powell/1626181","1626181.png"
"2020-05-01 00:00:00","1610612761","43","Pascal Siakam","Forward","6 ft 9 in","230 lbs","https://www.nba.com/players/pascal/siakam/1627783","1627783.png"
"2020-05-01 00:00:00","1610612761","21","Matt Thomas","Guard","6 ft 4 in","190 lbs","https://www.nba.com/players/matt/thomas/1629744","1629744.png"
"2020-05-01 00:00:00","1610612761","23","Fred VanVleet","Guard","6 ft 1 in","197 lbs","https://www.nba.com/players/fred/vanvleet/1627832","1627832.png"
"2020-05-01 00:00:00","1610612761","1","Paul Watson","Guard","6 ft 6 in","210 lbs","https://www.nba.com/players/paul/watson/1628778","1628778.png"
"2020-05-01 00:00:00","1610612762","44","Bojan Bogdanovic","Forward","6 ft 8 in","226 lbs","https://www.nba.com/players/bojan/bogdanovic/202711","202711.png"
"2020-05-01 00:00:00","1610612762","13","Tony Bradley","Center-Forward","6 ft 10 in","248 lbs","https://www.nba.com/players/tony/bradley/1628396","1628396.png"
"2020-05-01 00:00:00","1610612762","5","Jarrell Brantley","Forward","6 ft 5 in","250 lbs","https://www.nba.com/players/jarrell/brantley/1629714","1629714.png"
"2020-05-01 00:00:00","1610612762","00","Jordan Clarkson","Guard","6 ft 4 in","194 lbs","https://www.nba.com/players/jordan/clarkson/203903","203903.png"
"2020-05-01 00:00:00","1610612762","10","Mike Conley","Guard","6 ft 1 in","175 lbs","https://www.nba.com/players/mike/conley/201144","201144.png"
"2020-05-01 00:00:00","1610612762","17","Ed Davis","Center-Forward","6 ft 9 in","218 lbs","https://www.nba.com/players/ed/davis/202334","202334.png"
"2020-05-01 00:00:00","1610612762","27","Rudy Gobert","Center","7 ft 1 in","258 lbs","https://www.nba.com/players/rudy/gobert/203497","203497.png"
"2020-05-01 00:00:00","1610612762","2","Joe Ingles","Forward-Guard","6 ft 7 in","220 lbs","https://www.nba.com/players/joe/ingles/204060","204060.png"
"2020-05-01 00:00:00","1610612762","45","Donovan Mitchell","Guard","6 ft 1 in","215 lbs","https://www.nba.com/players/donovan/mitchell/1628378","1628378.png"
"2020-05-01 00:00:00","1610612762","16","Juwan Morgan","Forward","6 ft 7 in","232 lbs","https://www.nba.com/players/juwan/morgan/1629752","1629752.png"
"2020-05-01 00:00:00","1610612762","15","Emmanuel Mudiay","Guard","6 ft 3 in","200 lbs","https://www.nba.com/players/emmanuel/mudiay/1626144","1626144.png"
"2020-05-01 00:00:00","1610612762","31","Georges Niang","Forward","6 ft 7 in","230 lbs","https://www.nba.com/players/georges/niang/1627777","1627777.png"
"2020-05-01 00:00:00","1610612762","23","Royce O'Neale","Forward","6 ft 4 in","226 lbs","https://www.nba.com/players/royce/o'neale/1626220","1626220.png"
"2020-05-01 00:00:00","1610612762","81","Miye Oni","Guard-Forward","6 ft 5 in","206 lbs","https://www.nba.com/players/miye/oni/1629671","1629671.png"
"2020-05-01 00:00:00","1610612762","6","Rayjon Tucker","Guard","6 ft 3 in","209 lbs","https://www.nba.com/players/rayjon/tucker/1629730","1629730.png"
"2020-05-01 00:00:00","1610612762","0","Nigel Williams-Goss","Guard","6 ft 2 in","190 lbs","https://www.nba.com/players/nigel/williams-goss/1628430","1628430.png"
"2020-05-01 00:00:00","1610612762","3","Justin Wright-Foreman","Guard","6 ft 0 in","190 lbs","https://www.nba.com/players/justin/wright-foreman/1629625","1629625.png"
"2020-05-01 00:00:00","1610612764","3","Bradley Beal","Guard","6 ft 3 in","207 lbs","https://www.nba.com/players/bradley/beal/203078","203078.png"
"2020-05-01 00:00:00","1610612764","42","Davis Bertans","Forward","6 ft 10 in","225 lbs","https://www.nba.com/players/davis/bertans/202722","202722.png"
"2020-05-01 00:00:00","1610612764","17","Isaac Bonga","Guard","6 ft 8 in","180 lbs","https://www.nba.com/players/isaac/bonga/1629067","1629067.png"
"2020-05-01 00:00:00","1610612764","6","Troy Brown Jr.","Guard-Forward","6 ft 6 in","215 lbs","https://www.nba.com/players/troy/brown_jr./1628972","1628972.png"
"2020-05-01 00:00:00","1610612764","13","Thomas Bryant","Center-Forward","6 ft 10 in","248 lbs","https://www.nba.com/players/thomas/bryant/1628418","1628418.png"
"2020-05-01 00:00:00","1610612764","8","Rui Hachimura","Forward","6 ft 8 in","230 lbs","https://www.nba.com/players/rui/hachimura/1629060","1629060.png"
"2020-05-01 00:00:00","1610612764","28","Ian Mahinmi","Center","6 ft 11 in","262 lbs","https://www.nba.com/players/ian/mahinmi/101133","101133.png"
"2020-05-01 00:00:00","1610612764","24","Garrison Mathews","Guard","6 ft 5 in","215 lbs","https://www.nba.com/players/garrison/mathews/1629726","1629726.png"
"2020-05-01 00:00:00","1610612764","5","Shabazz Napier","Guard","6 ft 0 in","175 lbs","https://www.nba.com/players/shabazz/napier/203894","203894.png"
"2020-05-01 00:00:00","1610612764","18","Anzejs Pasecniks","Center-Forward","7 ft 2 in","229 lbs","https://www.nba.com/players/anzejs/pasecniks/1628394","1628394.png"
"2020-05-01 00:00:00","1610612764","4","Gary Payton II","Guard","6 ft 3 in","195 lbs","https://www.nba.com/players/gary/payton_ii/1627780","1627780.png"
"2020-05-01 00:00:00","1610612764","12","Jerome Robinson","Guard","6 ft 4 in","190 lbs","https://www.nba.com/players/jerome/robinson/1629010","1629010.png"
"2020-05-01 00:00:00","1610612764","1","Admiral Schofield","Guard-Forward","6 ft 5 in","241 lbs","https://www.nba.com/players/admiral/schofield/1629678","1629678.png"
"2020-05-01 00:00:00","1610612764","14","Ish Smith","Guard","6 ft 0 in","175 lbs","https://www.nba.com/players/ish/smith/202397","202397.png"
"2020-05-01 00:00:00","1610612764","21","Moritz Wagner","Forward-Center","6 ft 11 in","245 lbs","https://www.nba.com/players/moritz/wagner/1629021","1629021.png"
"2020-05-01 00:00:00","1610612764","2","John Wall","Guard","6 ft 4 in","210 lbs","https://www.nba.com/players/john/wall/202322","202322.png"
"2020-05-01 00:00:00","1610612764","19","Johnathan Williams","Forward","6 ft 9 in","228 lbs","https://www.nba.com/players/johnathan/williams/1629140","1629140.png"
