"FetchDate","Id","City","Name","URL","Logo"
"2020-05-01 00:00:00","1610612737","Atlanta","Hawks","https://www.nba.com/teams/hawks","ATL.svg"
"2020-05-01 00:00:00","1610612738","Boston","Celtics","https://www.nba.com/teams/celtics","BOS.svg"
"2020-05-01 00:00:00","1610612751","Brooklyn","Nets","https://www.nba.com/teams/nets","BKN.svg"
"2020-05-01 00:00:00","1610612766","Charlotte","Hornets","https://www.nba.com/teams/hornets","CHA.svg"
"2020-05-01 00:00:00","1610612741","Chicago","Bulls","https://www.nba.com/teams/bulls","CHI.svg"
"2020-05-01 00:00:00","1610612739","Cleveland","Cavaliers","https://www.nba.com/teams/cavaliers","CLE.svg"
"2020-05-01 00:00:00","1610612742","Dallas","Mavericks","https://www.nba.com/teams/mavericks","DAL.svg"
"2020-05-01 00:00:00","1610612743","Denver","Nuggets","https://www.nba.com/teams/nuggets","DEN.svg"
"2020-05-01 00:00:00","1610612765","Detroit","Pistons","https://www.nba.com/teams/pistons","DET.svg"
"2020-05-01 00:00:00","1610612744","Golden State","Warriors","https://www.nba.com/teams/warriors","GSW.svg"
"2020-05-01 00:00:00","1610612745","Houston","Rockets","https://www.nba.com/teams/rockets","HOU.svg"
"2020-05-01 00:00:00","1610612754","Indiana","Pacers","https://www.nba.com/teams/pacers","IND.svg"
"2020-05-01 00:00:00","1610612746","LA","Clippers","https://www.nba.com/teams/clippers","LAC.svg"
"2020-05-01 00:00:00","1610612747","Los Angeles","Lakers","https://www.nba.com/teams/lakers","LAL.svg"
"2020-05-01 00:00:00","1610612763","Memphis","Grizzlies","https://www.nba.com/teams/grizzlies","MEM.svg"
"2020-05-01 00:00:00","1610612748","Miami","Heat","https://www.nba.com/teams/heat","MIA.svg"
"2020-05-01 00:00:00","1610612749","Milwaukee","Bucks","https://www.nba.com/teams/bucks","MIL.svg"
"2020-05-01 00:00:00","1610612750","Minnesota","Timberwolves","https://www.nba.com/teams/timberwolves","MIN.svg"
"2020-05-01 00:00:00","1610612740","New Orleans","Pelicans","https://www.nba.com/teams/pelicans","NOP.svg"
"2020-05-01 00:00:00","1610612752","New York","Knicks","https://www.nba.com/teams/knicks","NYK.svg"
"2020-05-01 00:00:00","1610612760","Oklahoma City","Thunder","https://www.nba.com/teams/thunder","OKC.svg"
"2020-05-01 00:00:00","1610612753","Orlando","Magic","https://www.nba.com/teams/magic","ORL.svg"
"2020-05-01 00:00:00","1610612755","Philadelphia","76ers","https://www.nba.com/teams/sixers","PHI.svg"
"2020-05-01 00:00:00","1610612756","Phoenix","Suns","https://www.nba.com/teams/suns","PHX.svg"
"2020-05-01 00:00:00","1610612757","Portland","Trail Blazers","https://www.nba.com/teams/blazers","POR.svg"
"2020-05-01 00:00:00","1610612758","Sacramento","Kings","https://www.nba.com/teams/kings","SAC.svg"
"2020-05-01 00:00:00","1610612759","San Antonio","Spurs","https://www.nba.com/teams/spurs","SAS.svg"
"2020-05-01 00:00:00","1610612761","Toronto","Raptors","https://www.nba.com/teams/raptors","TOR.svg"
"2020-05-01 00:00:00","1610612762","Utah","Jazz","https://www.nba.com/teams/jazz","UTA.svg"
"2020-05-01 00:00:00","1610612764","Washington","Wizards","https://www.nba.com/teams/wizards","WAS.svg"
